{
  "model1": {
    "accuracy": [
      0.6236727237701416,
      0.7460961937904358,
      0.8054341077804565,
      0.8538413643836975,
      0.8913179039955139,
      0.9309806227684021,
      0.9589319229125977,
      0.9748594760894775,
      0.9900062680244446,
      0.9943785071372986
    ],
    "loss": [
      0.6423302292823792,
      0.5113644003868103,
      0.42478349804878235,
      0.34864360094070435,
      0.2596016824245453,
      0.1905314028263092,
      0.12472087889909744,
      0.08679690957069397,
      0.04706185683608055,
      0.030929675325751305
    ],
    "mse": [
      0.22508187592029572,
      0.17026498913764954,
      0.1366964429616928,
      0.10843759775161743,
      0.07864606380462646,
      0.054698195308446884,
      0.03331481292843819,
      0.022009925916790962,
      0.010235117748379707,
      0.006081852596253157
    ],
    "val_accuracy": [
      0.6951904892921448,
      0.7270455956459045,
      0.7520299553871155,
      0.7501561641693115,
      0.7595252990722656,
      0.7526546120643616,
      0.7389131784439087,
      0.7445346713066101,
      0.7545284032821655,
      0.735165536403656
    ],
    "val_loss": [
      0.5840965509414673,
      0.5408880114555359,
      0.5076835751533508,
      0.5334533452987671,
      0.538008987903595,
      0.6341627836227417,
      0.7512166500091553,
      0.8047905564308167,
      0.8761723041534424,
      1.072768211364746
    ],
    "val_mse": [
      0.20018236339092255,
      0.1815965473651886,
      0.16796347498893738,
      0.1721721738576889,
      0.17021611332893372,
      0.18435506522655487,
      0.1979840248823166,
      0.19800372421741486,
      0.1990583837032318,
      0.21821385622024536
    ]
  },
  "model2": {
    "accuracy": [
      0.5324797034263611,
      0.6527170538902283,
      0.7022173404693604,
      0.7321986556053162,
      0.7628045082092285,
      0.7893503904342651,
      0.8151155710220337,
      0.8276077508926392,
      0.8449406623840332,
      0.8596189618110657
    ],
    "loss": [
      0.7006161212921143,
      0.6290748119354248,
      0.5719863772392273,
      0.5333586931228638,
      0.4874468147754669,
      0.4480559229850769,
      0.41414931416511536,
      0.38203176856040955,
      0.3390425443649292,
      0.31846871972084045
    ],
    "mse": [
      0.25031885504722595,
      0.2199351191520691,
      0.1954323798418045,
      0.1788993626832962,
      0.16054238379001617,
      0.14586582779884338,
      0.13337931036949158,
      0.12114788591861725,
      0.10720206052064896,
      0.09917757660150528
    ],
    "val_accuracy": [
      0.6139912605285645,
      0.6983135342597961,
      0.7133041620254517,
      0.7207995057106018,
      0.737663984298706,
      0.7420362234115601,
      0.7482823133468628,
      0.7507807612419128,
      0.7657713890075684,
      0.7482823133468628
    ],
    "val_loss": [
      0.6503491997718811,
      0.6166335940361023,
      0.5736020803451538,
      0.540919303894043,
      0.5247345566749573,
      0.5309945940971375,
      0.5062485933303833,
      0.5226894617080688,
      0.503852128982544,
      0.5308160185813904
    ],
    "val_mse": [
      0.22989897429943085,
      0.21395356953144073,
      0.19494663178920746,
      0.1821359395980835,
      0.17521601915359497,
      0.17630285024642944,
      0.16772687435150146,
      0.1714906245470047,
      0.163272887468338,
      0.16964665055274963
    ]
  }
}